LINK,SCHOOL,LAT,LONG,NAME,CONFERENCE,COLOR_SOURCE,R0,G0,B0,HEX0,R1,G1,B1,HEX1,R2,G2,B2,HEX2,R3,G3,B3,HEX3,R4,G4,B4,HEX4
https://en.wikipedia.org/wiki/Appalachian_State_University,Appalachian State,36.21374025,-81.68428961,Mountaineers,Sun Belt,http://vt.uc.appstate.edu/style/colors,255,204,0,#FFCC00,,,,,,,,,,,,,,,,
https://en.wikipedia.org/wiki/Arizona_State_University,Arizona State,33.4209,-111.934,Sun Devils,Pac-12,https://eoss.asu.edu/sites/default/files/ASU_Web_Toolkit.pdf,255,198,39,#FFC627,140,29,64,#8C1D40,,,,,,,,,,,,
https://en.wikipedia.org/wiki/Arkansas_State_University,Arkansas State,35.8432861,-90.6748589,Red Wolves,Sun Belt,http://www.astate.edu/dotAsset/97210f70-4f5e-496c-8c0f-8db5dba0006a.pdf,204,9,47,#CC092F,,,,,,,,,,,,,,,,
https://en.wikipedia.org/wiki/Auburn_University,Auburn,32.59829892,-85.49428816,Tigers,SEC,https://auburntigers.com/sports/2018/6/11/trads-04-auburn-colors-html.aspx,242,101,34,#F26522,12,35,64,#0C2340,,,,,,,,,,,,
https://en.wikipedia.org/wiki/Ball_State_University,Ball State,40.20266645,-85.40579192,Cardinals,MAC,https://www.bsu.edu/-/media/www/departmentalcontent/marketing%20communications/pdfs/brand%20style%20guide.pdf,186,12,47,#BA0C2F,,,,,,,,,,,,,,,,
https://en.wikipedia.org/wiki/Baylor_University,Baylor,31.548,-97.116,Bears,Big 12,http://www.baylor.edu/licensing/index.php?id=50497,0,48,21,#003015,255,188,25,#FFBC19,137,102,51,#896633,255,73,0,#FF4900,136,136,136,#888888
https://en.wikipedia.org/wiki/Boise_State_University,Boise State,43.604,-116.204,Broncos,Mountain West,https://brandstandards.boisestate.edu/official-colors/,0,57,166,#0039A6,249,70,28,#F9461C,,,,,,,,,,,,
https://en.wikipedia.org/wiki/Boston_College,Boston College,42.335,-71.17028,Eagles,ACC,http://www.bc.edu/offices/omc/identity/colors.html,145,0,57,#910039,179,143,89,#B38F59,97,80,64,#615040,,,,,,,,
https://en.wikipedia.org/wiki/Bowling_Green_State_University,Bowling Green,41.38,-83.63,Falcons,MAC,https://www.bgsu.edu/content/dam/BGSU/marketing-and-communication/documents/graphic-standards-manual/intercollegiate-athletics-logos.pdf,255,124,25,#FF7C19,79,44,29,#4F2C1D,230,181,119,#E6B577,,,,,,,,
https://en.wikipedia.org/wiki/Brigham_Young_University,BYU,40.25,-111.649,Cougars,Independent,https://web.byu.edu/wiki/styleguide/colors,0,34,85,#002255,167,169,172,#A7A9AC,65,105,225,#4169E1,,,,,,,,
"https://en.wikipedia.org/wiki/California_State_University,_Fresno",Fresno State,36.81384946,-119.7461874,Bulldogs,Mountain West,https://www.fresnostate.edu/advancement/ucomm/brand/documents/AthleticsStyleGuide.pdf,255,0,89,#FF0059,0,74,168,#004AA8,0,184,17,#00B811,,,,,,,,
https://en.wikipedia.org/wiki/Central_Michigan_University,Central Michigan,43.5898,-84.7775,Chippewas,MAC,https://www.cmich.edu/fas/fmgt/pep/Documents/CMU%20Interior%20Color%20Palette%202015-v1.pdf,111,38,61,#6F263D,255,199,44,#FFC72C,,,,,,,,,,,,
https://en.wikipedia.org/wiki/Clemson_University,Clemson,34.67833,-82.83917,Tigers,ACC,http://www.clemsontigers.com/ViewArticle.dbml?DB_OEM_ID=28500&ATCLID=209448109,245,102,0,#F56600,82,45,128,#522D80,,,,,,,,,,,,
https://en.wikipedia.org/wiki/Coastal_Carolina_University,Coastal Carolina,33.7962442,-79.0136958,Chanticleers,Sun Belt,https://www.coastal.edu/media/administration/women/other/itsnew/CCU%20Graphic%20Standards%20Guide%202014.pdf,0,111,113,#006F71,162,119,82,#A27752,,,,,,,,,,,,
https://en.wikipedia.org/wiki/Colorado_State_University,Colorado State,40.5762,-105.0808,Rams,Mountain West,http://graphicstandards.colostate.edu/files/pdf/csu-toolbox.pdf,29,115,40,#1D7328,235,124,0,#EB7C00,168,123,0,#A87B00,202,164,0,#CAA400,42,123,0,#2A7B00
https://en.wikipedia.org/wiki/Duke_University,Duke,35.98861,-78.90722,Blue Devils,ACC,https://styleguide.duke.edu/color-palette/,0,26,87,#001A57,7,54,164,#0736A4,,,,,,,,,,,,
https://en.wikipedia.org/wiki/East_Carolina_University,East Carolina,35.6075,-77.37,Pirates,American,http://grfx.cstv.com/photos/schools/ecu/genrel/auto_pdf/2013-14/misc_non_event/2014ECUStyleGuide.pdf,89,42,138,#592A8A,253,200,47,#FDC82F,195,195,195,#C3C3C3,,,,,,,,
https://en.wikipedia.org/wiki/Eastern_Michigan_University,Eastern Michigan,42.250154,-83.624454,Eagles,MAC,http://www.emich.edu/communications/documents/emu_id_standards.pdf,0,105,63,#00693F,150,150,150,#969696,,,,,,,,,,,,
https://en.wikipedia.org/wiki/Florida_Atlantic_University,Florida Atlantic,26.371,-80.102,Owls,C-USA,http://www.fau.edu/branding/FAU_VSM.pdf,0,45,96,#002D60,193,4,53,#C10435,195,200,205,#C3C8CD,,,,,,,,
https://en.wikipedia.org/wiki/Florida_International_University,Florida International University,25.757,-80.374,Panthers,C-USA,http://www.fiu.edu/brand/logo-standards/,8,30,63,#081E3F,182,134,44,#B6862C,,,,,,,,,,,,
https://en.wikipedia.org/wiki/Florida_State_University,Florida State,30.442,-84.298,Seminoles,ACC,http://unicomm.fsu.edu/brand/applying/colors/,120,47,64,#782F40,206,184,136,#CEB888,44,42,41,#2C2A29,,,,,,,,
https://en.wikipedia.org/wiki/Georgia_Southern_University,Georgia Southern,32.42087466,-81.78702705,Eagles,Sun Belt,http://news.georgiasouthern.edu/marketing/wp-content/uploads/sites/4/GS_IdentityStdsQuickGuide_Mar2016.pdf,4,28,66,#041C42,169,146,96,#A99260,,,,,,,,,,,,
https://en.wikipedia.org/wiki/Georgia_State_University,Georgia State,33.753694,-84.385972,Panthers,Sun Belt,http://commkit.gsu.edu/files/2014/04/athletics_guide.pdf,0,57,166,#0039A6,198,12,48,#C60C30,102,102,102,#666666,,,,,,,,
https://en.wikipedia.org/wiki/Georgia_Tech,Georgia Tech,33.776,-84.396,Yellow Jackets,ACC,http://gtathl.com/build/img/georgiatech_athletic_wordmark_artsheet.pdf,179,145,66,#B39142,0,38,58,#00263A,,,,,,,,,,,,
https://en.wikipedia.org/wiki/Indiana_University_Bloomington,Indiana,39.167222,-86.521389,Hoosiers,Big Ten,https://brand.iu.edu/design/colors.html,125,17,12,#7D110C,237,235,235,#EDEBEB,,,,,,,,,,,,
https://en.wikipedia.org/wiki/Iowa_State_University,Iowa State,42.0262,-93.648,Cyclones,Big 12,http://grfx.cstv.com/confs/nacda/graphics/icla/iowastateart.pdf,130,36,51,#822433,167,25,48,#A71930,253,200,40,#FDC828,250,218,99,#FADA63,202,199,167,#CAC7A7
https://en.wikipedia.org/wiki/Jacksonville_State_University,Jacksonville State,33.822,-85.766,Gamecocks,C-USA,https://www.jsu.edu/marketingservices/styleguide/style_guide.pdf,202,32,38,#CA2026,64,64,65,#404041,,,,,,,,,,,,
https://en.wikipedia.org/wiki/James_Madison_University,James Madison,38.43525165,-78.86978699,Dukes,Sun Belt,https://www.jmu.edu/identity/our-style/color.shtml,69,0,132,#450084,203,182,119,#CBB677,,,,,,,,,,,,
https://en.wikipedia.org/wiki/Kansas_State_University,Kansas State,39.1914,-96.5809,Wildcats,Big 12,https://www.k-state.edu/vpcm/branding/KansasStateUniversity-BrandGuide.pdf,81,40,136,#512888,209,209,209,#D1D1D1,167,167,167,#A7A7A7,,,,,,,,
https://en.wikipedia.org/wiki/Kent_State_University,Kent State,41.14694,-81.34333,Golden Flashes,MAC,https://du1ux2871uqvu.cloudfront.net/sites/default/files/file/16-UR-00309-058%20Kent%20Guide%20to%20Brand_6-17-16.pdf,0,57,118,#003976,239,171,0,#EFAB00,,,,,,,,,,,,
https://en.wikipedia.org/wiki/Liberty_University,Liberty,37.3494973,-79.17842303,Flames,C-USA,https://www.liberty.edu/web-services/web-policy/,,,,#990000,,,,#0A254E,,,,,,,,,,,,
https://en.wikipedia.org/wiki/Louisiana_State_University,LSU,30.4145,-91.17826,Tigers,SEC,http://www.lsu.edu/stratcomm/online-brand-guide/lsu-colors.php,70,29,124,#461D7C,253,208,35,#FDD023,,,,,,,,,,,,
https://en.wikipedia.org/wiki/Louisiana_Tech_University,Louisiana Tech,32.5275,-92.6475,Bulldogs,C-USA,http://www.latechsports.com/ot/latc-new-tech-logos.html,255,0,0,#FF0000,0,47,139,#002F8B,,,,,,,,,,,,
https://en.wikipedia.org/wiki/Marshall_University,Marshall,38.42386981,-82.42468762,Thundering Herd,C-USA,http://www.marshall.edu/webguide/files/downloads/2013/11/StyleGuideManual.pdf,0,122,51,#007A33,105,63,35,#693F23,173,124,89,#AD7C59,162,170,173,#A2AAAD,,,,
https://en.wikipedia.org/wiki/Miami_University,Miami (OH),39.511905,-84.734674,RedHawks,MAC,https://www.miamioh.edu/_files/documents/ucm/resources/MU_Style_Guide_508.pdf,245,0,47,#F5002F,,,,,,,,,,,,,,,,
https://en.wikipedia.org/wiki/Michigan_State_University,Michigan State,42.725,-84.48,Spartans,Big Ten,https://brand.msu.edu/design-visual/index.html#color,24,69,59,#18453B,153,162,162,#99A2A2,83,80,84,#535054,,,,,,,,
https://en.wikipedia.org/wiki/Middle_Tennessee_State_University,Middle Tennessee,35.849,-86.365,Blue Raiders,C-USA,http://www.mtsu.edu/creativeservices/docs/MTSUBrandingGuide.pdf,0,102,204,#0066CC,176,177,181,#B0B1B5,230,231,233,#E6E7E9,,,,,,,,
https://en.wikipedia.org/wiki/Mississippi_State_University,Mississippi State,33.454,-88.789,Bulldogs,SEC,http://www.opa.msstate.edu/identity/assets/msstate_colors.pdf,102,0,0,#660000,204,204,204,#CCCCCC,117,120,123,#75787B,255,184,28,#FFB81C,,,,
https://en.wikipedia.org/wiki/New_Mexico_State_University,New Mexico State,32.27947009,-106.7490855,Aggies,Sun Belt,https://brand.nmsu.edu/wp-content/uploads/sites/45/2015/08/newmexicost.pdf,140,11,66,#8C0B42,151,153,155,#97999B,,,,,,,,,,,,
https://en.wikipedia.org/wiki/North_Carolina_State_University,NC State,35.78722,-78.67056,Wolfpack,ACC,https://brand.ncsu.edu/color/,204,0,0,#CC0000,,,,,,,,,,,,,,,,
https://en.wikipedia.org/wiki/Northern_Illinois_University,Northern Illinois,41.93519956,-88.77343652,Huskies,MAC,http://niu.edu/marcomm/_pdf/NIUcomm-standards.pdf,204,0,0,#CC0000,165,167,168,#A5A7A8,,,,,,,,,,,,
https://en.wikipedia.org/wiki/Northwestern_University,Northwestern,42.05583,-87.67472,Wildcats,Big Ten,http://www.northwestern.edu/brand/visual-identity/color/index.html,78,42,132,#4E2A84,179,179,179,#B3B3B3,,,,,,,,,,,,
https://en.wikipedia.org/wiki/Ohio_State_University,Ohio State,40.00683663,-83.03048679,Buckeyes,Big Ten,https://brand.osu.edu/color/,187,0,0,#BB0000,102,102,102,#666666,0,105,63,#00693F,,,,,,,,
https://en.wikipedia.org/wiki/Ohio_University,Ohio,39.324,-82.102,Bobcats,MAC,https://www.ohio.edu/ucm/brand-center/toolkit/colors.cfm,0,105,78,#00694E,211,169,133,#D3A985,119,111,103,#776F67,,,,,,,,
https://en.wikipedia.org/wiki/Oklahoma_State_University%E2%80%93Stillwater,Oklahoma State,36.1224,-97.0698,Cowboys,Big 12,http://grfx.cstv.com/confs/nacda/graphics/icla/oklahomastatestyle.pdf,217,89,0,#D95900,242,125,0,#F27D00,184,179,173,#B8B3AD,51,51,51,#333333,,,,
https://en.wikipedia.org/wiki/Old_Dominion_University,Old Dominion,36.88654,-76.30522,Monarchs,C-USA,https://www.odu.edu/content/dam/odu/offices/licensing/docs/athletic-logo-identity-guidelines.pdf,0,48,87,#003057,138,141,143,#8A8D8F,162,170,173,#A2AAAD,146,193,233,#92C1E9,,,,
https://en.wikipedia.org/wiki/Oregon_State_University,Oregon State,44.5639,-123.2747,Beavers,Pac-12,http://communications.oregonstate.edu/brand/color-palette,216,90,26,#D85A1A,104,80,64,#685040,,,,,,,,,,,,
https://en.wikipedia.org/wiki/Pennsylvania_State_University,Penn State,40.79833,-77.86,Nittany Lions,Big Ten,https://brand.psu.edu/design-essentials.html#color,4,30,66,#041E42,162,170,173,#A2AAAD,,,,,,,,,,,,
https://en.wikipedia.org/wiki/Purdue_University,Purdue,40.425,-86.92306,Boilermakers,Big Ten,https://www.purdue.edu/brand/elements/colors.php,194,142,14,#C28E0E,77,64,56,#4D4038,186,168,146,#BAA892,,,,,,,,
https://en.wikipedia.org/wiki/Rice_University,Rice,29.71694,-95.40278,Owls,C-USA,https://staff.rice.edu/Template_RiceBrand.aspx?id=4718,0,36,106,#00246A,94,96,98,#5E6062,,,,,,,,,,,,
https://en.wikipedia.org/wiki/Rutgers_University%E2%80%93New_Brunswick,Rutgers,40.5025,-74.44861,Scarlet Knights,Big Ten,https://communications.rutgers.edu/sites/default/files/RU_IDguide_7.0.pdf,204,0,51,#CC0033,95,106,114,#5F6A72,,,,,,,,,,,,
https://en.wikipedia.org/wiki/Sam_Houston_State_University,Sam Houston,30.71389,-95.54722,Bearkats,C-USA,https://www.shsu.edu/dept/marketing/colors,245,100,35,#F56423,255,255,255,#FFFFFF,,,,,,,,,,,,
https://en.wikipedia.org/wiki/San_Diego_State_University,San Diego State,32.77528,-117.07222,Aztecs,Mountain West,http://grfx.cstv.com/photos/schools/sdsu/genrel/auto_pdf/2012-13/misc_non_event/SDSU-Logo-and-Style-Guide.pdf,194,49,56,#C23138,35,31,32,#231F20,210,198,148,#D2C694,,,,,,,,
https://en.wikipedia.org/wiki/San_Jose_State_University,San Jose State,37.3353,-121.8813,Spartans,Mountain West,http://www.sjsu.edu/communications/docs/visual_identity_standards_basic.pdf,0,85,162,#0055A2,229,168,35,#E5A823,147,149,151,#939597,,,,,,,,
https://en.wikipedia.org/wiki/Southern_Methodist_University,SMU,32.83855,-96.78294,Mustangs,American,https://www.smu.edu/-/media/Site/DevelopmentExternalAffairs/PublicAffairs/IntegratedMarketing/Branding/BrandGuidelines9-15.ashx,204,0,0,#CC0000,53,76,161,#354CA1,,,,,,,,,,,,
https://en.wikipedia.org/wiki/Stanford_University,Stanford,37.4275,-122.17,Cardinal,Pac-12,http://grfx.cstv.com/photos/schools/stan/genrel/auto_pdf/stan-08-sa-styleguide.pdf,153,0,0,#990000,23,94,84,#175E54,77,79,83,#4D4F53,,,,,,,,
https://en.wikipedia.org/wiki/Syracuse_University,Syracuse,43.0376,-76.134,Orange,ACC,http://styleguide.syr.edu/brand-identity/athletics/,212,69,0,#D44500,13,29,55,#0D1D37,,,,,,,,,,,,
https://en.wikipedia.org/wiki/Temple_University,Temple,39.98135549,-75.15542068,Owls,American,https://www.temple.edu/sites/temple/files/uploads/images/Learfield-Licensing-Usage-Guidelines-Temple7-30-2015.pdf,152,30,50,#981E32,138,141,143,#8A8D8F,254,153,0,#FE9900,,,,,,,,
https://en.wikipedia.org/wiki/Texas_A%26M_University,Texas A&M,30.61028,-96.34361,Aggies,SEC,http://brandguide.tamu.edu/downloads/colors/brandColors-RGB.pdf,80,0,0,#500000,143,143,140,#8F8F8C,238,225,198,#EEE1C6,,,,,,,,
https://en.wikipedia.org/wiki/Texas_Christian_University,TCU,32.7096,-97.364,Horned Frogs,Big 12,http://www.mkc.tcu.edu/pdf/TCU_brandstandards.pdf,77,25,121,#4D1979,164,169,163,#A4A9A3,255,0,0,#FF0000,,,,,,,,
https://en.wikipedia.org/wiki/Texas_State_University,Texas State,29.88889,-97.93889,Bobcats,Sun Belt,http://sidearm.sites.s3.amazonaws.com/txstate.sidearmsports.com/documents/2012/2/3/Texas_State_Athletics_Identity_Branding_Guide.pdf,80,18,20,#501214,180,152,90,#B4985A,242,169,0,#F2A900,,,,,,,,
https://en.wikipedia.org/wiki/Texas_Tech_University,Texas Tech,33.584,-101.878,Red Raiders,Big 12,https://www.depts.ttu.edu/communications/identityguidelines/idguidelines/ttu/elements/color.php,204,0,0,#CC0000,204,204,204,#CCCCCC,51,51,51,#333333,,,,,,,,
https://en.wikipedia.org/wiki/Troy_University,Troy,31.80282053,-85.95711859,Trojans,Sun Belt,https://upload.wikimedia.org/wikipedia/en/b/b4/Troy_trojans_logo.png,172,44,65,#AC2C41,134,38,51,#862633,181,182,185,#B5B6B9,137,139,142,#898B8E,,,,
https://en.wikipedia.org/wiki/Tulane_University,Tulane,29.94,-90.12,Green Wave,American,https://communications.tulane.edu/branding/color,40,92,77,#285C4D,113,197,232,#71C5E8,120,190,32,#78BE20,124,125,142,#7C7D8E,,,,
https://en.wikipedia.org/wiki/United_States_Air_Force_Academy,Air Force,39.01,-104.89,Falcons,Mountain West,http://www.trademark.af.mil/symbol/colors/,0,48,143,#00308F,166,166,168,#A6A6A8,143,143,140,#8F8F8C,,,,,,,,
https://en.wikipedia.org/wiki/United_States_Military_Academy,Army,41.393,-73.958,Black Knights,Independent,http://www.usma.edu/dsi/SiteAssets/USMA_styleguide(10-02-2014)-WEB.pdf,255,213,48,#FFD530,212,191,145,#D4BF91,178,180,179,#B2B4B3,,,,,,,,
https://en.wikipedia.org/wiki/United_States_Naval_Academy,Navy,38.98280905,-76.48392782,Midshipmen,Independent,https://www.usna.edu/AdminSupport/_files/documents/instructions/5000-5999/5600.6D.pdf,0,32,91,#00205B,197,183,131,#C5B783,255,205,0,#FFCD00,,,,,,,,
https://en.wikipedia.org/wiki/University_at_Buffalo,Buffalo,43,-78.78917,Bulls,MAC,https://www.buffalo.edu/brand/creative/color/color-palette.html,0,91,187,#005BBB,102,102,102,#666666,255,199,44,#FFC72C,,,,,,,,
https://en.wikipedia.org/wiki/University_of_Akron,Akron,41.0752,-81.5115,Zips,MAC,https://gozips.com/documents/2018/6/19/Brand_Guide_2018_digital.pdf,0,30,66,#001E42,168,153,104,#A89968,201,178,128,#C9B280,,,,,,,,
https://en.wikipedia.org/wiki/University_of_Alabama,Alabama,33.21083,-87.54611,Crimson Tide,SEC,https://strategiccommunications.ua.edu/standards/web,153,0,0,#990000,238,238,238,#EEEEEE,,,,,,,,,,,,
https://en.wikipedia.org/wiki/University_of_Alabama_at_Birmingham,UAB,33.502,-86.8079,Blazers,C-USA,https://www.uab.edu/brand/home/standards/colors,30,107,82,#1E6B52,244,195,0,#F4C300,163,213,93,#A3D55D,235,104,81,#EB6851,,,,
https://en.wikipedia.org/wiki/University_of_Arizona,Arizona,32.2319,-110.9527,Wildcats,Pac-12,http://licensing.arizona.edu/sites/licensing/files/ua_id_guide_0.pdf,204,0,51,#CC0033,0,51,102,#003366,92,135,39,#5C8727,,,,,,,,
https://en.wikipedia.org/wiki/University_of_Arkansas,Arkansas,36.068681,-94.176012,Razorbacks,SEC,https://brand.uark.edu/graphic-identity/typography.php,157,34,53,#9D2235,210,67,98,#D24362,,,,,,,,,,,,
"https://en.wikipedia.org/wiki/University_of_California,_Berkeley",California,37.8728,-122.2602,Golden Bears,Pac-12,http://calberk_ftp.sidearmsports.com/www.calbears.com/pics33/0/EP/EPPDACKZWLUKZKM.20140514225359.jpg,4,30,66,#041E42,255,199,44,#FFC72C,162,170,173,#A2AAAD,,,,,,,,
"https://en.wikipedia.org/wiki/University_of_California,_Los_Angeles",UCLA,34.0722,-118.4427,Bruins,Pac-12,http://brand.ucla.edu/brand/print/brand-colors/,50,132,191,#3284BF,255,232,0,#FFE800,,,,,,,,,,,,
https://en.wikipedia.org/wiki/University_of_Central_Florida,UCF,28.6016,-81.2005,Knights,American,https://brand.ucf.edu/design/,255,202,6,#FFCA06,204,153,0,#CC9900,,,,,,,,,,,,
https://en.wikipedia.org/wiki/University_of_Cincinnati,Cincinnati,39.131,-84.516,Bearcats,American,https://www.uc.edu/content/dam/uc/ucomm/docs/UCBrandingStandards.pdf,224,1,34,#E00122,,,,,,,,,,,,,,,,
https://en.wikipedia.org/wiki/University_of_Colorado_Boulder,Colorado,40.0073,-105.2678,Buffaloes,Pac-12,http://www.colorado.edu/brand/visual-identity/typography-color,207,184,124,#CFB87C,86,90,92,#565A5C,162,164,163,#A2A4A3,207,150,156,#CF969C,,,,
https://en.wikipedia.org/wiki/University_of_Connecticut,UConn,41.80722,-72.2525,Huskies,American,http://brand.uconn.edu/wp-content/uploads/sites/1060/2015/01/UCONN-Color-Guidelines1.pdf,0,14,47,#000E2F,162,170,173,#A2AAAD,228,0,43,#E4002B,164,200,225,#A4C8E1,,,,
https://en.wikipedia.org/wiki/University_of_Florida,Florida,29.6475,-82.345,Gators,SEC,http://identity.ufl.edu/color/,250,70,22,#FA4616,0,33,165,#0021A5,1,114,62,#01723E,,,,,,,,
https://en.wikipedia.org/wiki/University_of_Georgia,Georgia,33.9558,-83.3745,Bulldogs,SEC,http://grfx.cstv.com/photos/schools/geo/genrel/auto_pdf/2012-13/misc_non_event/athletic-brand-manual.pdf,218,41,28,#DA291C,236,148,141,#EC948D,,,,,,,,,,,,
https://en.wikipedia.org/wiki/University_of_Hawai%CA%BBi_at_M%C4%81noa,Hawaii,21.297,-157.817,Rainbow Warriors,Mountain West,https://www.hawaii.edu/offices/eaur/graphicsstandards.pdf,2,71,49,#024731,218,41,28,#DA291C,179,153,93,#B3995D,167,25,48,#A71930,0,35,149,#002395
https://en.wikipedia.org/wiki/University_of_Houston,Houston,29.7189,-95.3392,Cougars,American,http://www.uhcougars.com/licensing/logos.html,201,42,57,#C92A39,125,41,53,#7D2935,33,48,78,#21304E,184,185,183,#B8B9B7,,,,
https://en.wikipedia.org/wiki/University_of_Illinois_Urbana%E2%80%93Champaign,Illinois,40.10212461,-88.22714005,Fighting Illini,Big Ten,http://www.fightingillini.com/news/2014/4/16/Illinois_Athletics_Unveils_Updated_Brand_Identity.aspx,19,41,75,#13294B,224,78,57,#E04E39,,,,,,,,,,,,
https://en.wikipedia.org/wiki/University_of_Iowa,Iowa,41.66167,-91.53639,Hawkeyes,Big Ten,http://uilicensing.com/resources/iowa-brands-standard-manual/,255,194,13,#FFC20D,,,,,,,,,,,,,,,,
https://en.wikipedia.org/wiki/University_of_Kansas,Kansas,38.9584,-95.2478,Jayhawks,Big 12,https://brand.ku.edu/guidelines/color,0,81,186,#0051BA,232,0,13,#E8000D,255,200,45,#FFC82D,133,127,138,#857F8A,,,,
https://en.wikipedia.org/wiki/University_of_Kentucky,Kentucky,38.0325,-84.5025,Wildcats,SEC,https://kty-platform-secure-prod.silverchalice.co/v3/files/56b4afd4e4b0df6d856076fa,0,51,160,#0033A0,200,201,199,#C8C9C7,165,172,175,#A5ACAF,,,,,,,,
https://en.wikipedia.org/wiki/University_of_Louisiana_at_Lafayette,Louisiana,30.213,-92.019,Ragin' Cajuns,Sun Belt,http://ocm.louisiana.edu/sites/communicationsandmarketing/files/Brand_Culture_Guide_July2015.pdf,206,24,30,#CE181E,241,140,33,#F18C21,,,,,,,,,,,,
https://en.wikipedia.org/wiki/University_of_Louisiana_at_Monroe,Louisianaâ€“Monroe,32.527,-92.074,Warhawks,Sun Belt,http://www.ulm.edu/identitystandards/,128,0,41,#800029,190,149,91,#BE955B,100,101,105,#646569,169,168,169,#A9A8A9,224,202,163,#E0CAA3
https://en.wikipedia.org/wiki/University_of_Louisville,Louisville,38.21595553,-85.76145366,Cardinals,ACC,http://louisville.edu/brand/color/primary,227,27,35,#E31B23,253,185,19,#FDB913,209,211,212,#D1D3D4,,,,,,,,
"https://en.wikipedia.org/wiki/University_of_Maryland,_College_Park",Maryland,38.988,-76.943,Terrapins,Big Ten,https://brand.umd.edu/athleticidentity.html,224,58,62,#E03A3E,255,213,32,#FFD520,179,118,50,#B37632,,,,,,,,
https://en.wikipedia.org/wiki/University_of_Massachusetts_Amherst,UMass,42.38889,-72.52778,Minutemen,MAC,https://www.umass.edu/brand/elements/color,136,28,28,#881C1C,221,222,224,#DDDEE0,148,121,93,#94795D,99,102,106,#63666A,172,163,154,#ACA39A
https://en.wikipedia.org/wiki/University_of_Memphis,Memphis,35.11889,-89.93722,Tigers,American,http://www.memphis.edu/logo/elements/colors.php,0,48,135,#003087,137,141,141,#898D8D,,,,,,,,,,,,
https://en.wikipedia.org/wiki/University_of_Miami,Miami (FL),25.7216,-80.2793,Hurricanes,ACC,http://www6.miami.edu/umidentity/downloads/UMiami_IDguide_March_2015.pdf,0,80,48,#005030,244,115,33,#F47321,137,150,160,#8996A0,,,,,,,,
https://en.wikipedia.org/wiki/University_of_Michigan,Michigan,42.27694,-83.73806,Wolverines,Big Ten,http://vpcomm.umich.edu/brand/style-guide/design-principles/colors,255,203,5,#FFCB05,0,39,76,#00274C,207,192,150,#CFC096,101,90,82,#655A52,152,156,151,#989C97
https://en.wikipedia.org/wiki/University_of_Minnesota,Minnesota,44.975,-93.23528,Golden Gophers,Big Ten,https://university-relations.umn.edu/resources/colors-and-type,255,204,51,#FFCC33,122,0,25,#7A0019,235,235,235,#EBEBEB,208,238,244,#D0EEF4,204,204,204,#CCCCCC
https://en.wikipedia.org/wiki/University_of_Mississippi,Ole Miss,34.36610077,-89.53511019,Rebels,SEC,http://csm.olemiss.edu/licensing/,200,16,46,#C8102E,0,32,91,#00205B,117,120,123,#75787B,128,188,233,#80BCE9,,,,
https://en.wikipedia.org/wiki/University_of_Missouri,Missouri,38.9453,-92.3288,Tigers,SEC,http://identity.missouri.edu/graphic-identity-standards/3-color/3.1-official-mu-colors.php,241,184,45,#F1B82D,,,,,,,,,,,,,,,,
https://en.wikipedia.org/wiki/University_of_Nebraska%E2%80%93Lincoln,Nebraska,40.82029393,-96.70050851,Cornhuskers,Big Ten,https://licensing.unl.edu/downloads/201709-unl-athletics-brand-guide.pdf,227,25,55,#E31937,253,242,217,#FDF2D9,199,200,202,#C7C8CA,253,183,26,#FDB71A,0,126,15,#007E0F
"https://en.wikipedia.org/wiki/University_of_Nevada,_Las_Vegas",UNLV,36.10769534,-115.1435574,Rebels,Mountain West,http://grfx.cstv.com/photos/schools/unlv/genrel/auto_pdf/2014-15/misc_non_event/unlv-style-guide.pdf,177,2,2,#B10202,102,102,102,#666666,,,,,,,,,,,,
"https://en.wikipedia.org/wiki/University_of_Nevada,_Reno",Nevada,39.53778,-119.81389,Wolf Pack,Mountain West,http://www.unr.edu/marcom/university-identity/logos/approved-colors,0,46,98,#002E62,128,127,132,#807F84,142,146,149,#8E9295,,,,,,,,
https://en.wikipedia.org/wiki/University_of_New_Mexico,New Mexico,35.08519621,-106.6199529,Lobos,Mountain West,http://sidearm.sites.s3.amazonaws.com/unm.sidearmsports.com/documents/2015/7/24/New_Mexico_Artwork.pdf,183,18,52,#B71234,195,200,200,#C3C8C8,0,139,149,#008B95,118,106,101,#766A65,,,,
https://en.wikipedia.org/wiki/University_of_North_Carolina_at_Chapel_Hill,North Carolina,35.90861,-79.04917,Tar Heels,ACC,http://goheels.com/fls/3350/15athgen/CarolinaAthletics_BrandingGuidelines-Final.pdf,123,175,212,#7BAFD4,19,41,75,#13294B,141,144,146,#8D9092,162,170,173,#A2AAAD,44,42,41,#2C2A29
https://en.wikipedia.org/wiki/University_of_North_Carolina_at_Charlotte,Charlotte,35.30725923,-80.73520692,49ers,C-USA,http://advancement.uncc.edu/sites/advancement.uncc.edu/files/media/identity-standards-guide.pdf,0,112,60,#00703C,240,203,0,#F0CB00,90,60,30,#5A3C1E,160,160,160,#A0A0A0,,,,
https://en.wikipedia.org/wiki/University_of_North_Texas,North Texas,33.20972,-97.15,Mean Green,C-USA,https://identityguide.unt.edu/create-our-look/color,5,144,51,#059033,,,,,,,,,,,,,,,,
https://en.wikipedia.org/wiki/University_of_Notre_Dame,Notre Dame,41.7,-86.23889,Fighting Irish,Independent,http://onmessage.nd.edu/university-branding/colors/,12,35,64,#0C2340,201,151,0,#C99700,174,143,64,#AE8F40,,,,,,,,
https://en.wikipedia.org/wiki/University_of_Oklahoma,Oklahoma,35.2088,-97.4457,Sooners,Big 12,http://www.ou.edu/content/brand/colors.html,132,22,23,#841617,253,249,216,#FDF9D8,102,0,0,#660000,153,153,153,#999999,,,,
https://en.wikipedia.org/wiki/University_of_Oregon,Oregon,44.0443,-123.0758,Ducks,Pac-12,https://brand.uoregon.edu/colors,18,71,52,#124734,254,225,35,#FEE123,0,121,53,#007935,98,167,15,#62A70F,168,168,170,#A8A8AA
https://en.wikipedia.org/wiki/University_of_Pittsburgh,Pittsburgh,40.4446,-79.9533,Panthers,ACC,http://www.communications.pitt.edu/Graphic-Standards.pdf,0,32,91,#00205B,179,163,109,#B3A36D,,,,,,,,,,,,
https://en.wikipedia.org/wiki/University_of_South_Alabama,South Alabama,30.69611586,-88.18421455,Jaguars,Sun Belt,http://southalabama.edu/departments/publicrelations/brand/resources/usa_brand_guidelines.pdf#page=71,0,32,91,#00205B,191,13,62,#BF0D3E,,,,,,,,,,,,
https://en.wikipedia.org/wiki/University_of_South_Carolina,South Carolina,33.99392648,-81.02988642,Gamecocks,SEC,http://www.sc.edu/toolbox/officialColors.php,115,0,10,#73000A,,,,,,,,,,,,,,,,
https://en.wikipedia.org/wiki/University_of_South_Florida,South Florida,28.05889243,-82.41383245,Bulls,American,http://usfweb4.usf.edu/ucm/marketing/colors.aspx,0,103,71,#006747,207,196,147,#CFC493,,,,,,,,,,,,
https://en.wikipedia.org/wiki/University_of_Southern_California,USC,34.0206,-118.2848,Trojans,Pac-12,https://identity.usc.edu/files/2012/02/USC-Graphic-Identity-Cheat-Sheet.pdf,153,27,30,#991B1E,255,204,0,#FFCC00,,,,,,,,,,,,
https://en.wikipedia.org/wiki/University_of_Southern_Mississippi,Southern Miss,31.329638,-89.333847,Golden Eagles,C-USA,http://www.southernmiss.com/licensing/style-guide.html,253,199,55,#FDC737,,,,,,,,,,,,,,,,
https://en.wikipedia.org/wiki/University_of_Tennessee,Tennessee,35.95167,-83.93,Volunteers,SEC,http://brand.utk.edu/colors/palettes/,255,130,0,#FF8200,88,89,91,#58595B,112,85,80,#705550,,,,,,,,
https://en.wikipedia.org/wiki/University_of_Texas_at_Austin,Texas,30.285,-97.735,Longhorns,Big 12,http://brand.utexas.edu/visual-identity/colors,191,87,0,#BF5700,,,,,,,,,,,,,,,,
https://en.wikipedia.org/wiki/University_of_Texas_at_El_Paso,UTEP,31.77338029,-106.5046672,Miners,C-USA,http://universitycommunications.utep.edu/identityguide/download/utepgraphicidentityguide.pdf,255,86,0,#FF5600,0,33,71,#002147,178,180,179,#B2B4B3,,,,,,,,
https://en.wikipedia.org/wiki/University_of_Texas_at_San_Antonio,UTSA,29.58333,-98.62083,Roadrunners,C-USA,https://www.utsa.edu/ucm/assets/pdf/utsa-brand-identity.pdf,241,90,34,#F15A22,12,35,64,#0C2340,,,,,,,,,,,,
https://en.wikipedia.org/wiki/University_of_Toledo,Toledo,41.65799259,-83.61425886,Rockets,MAC,http://wxut.pbworks.com/f/UT+Style+Guide.pdf,0,37,105,#002569,255,206,0,#FFCE00,127,145,179,#7F91B3,185,71,0,#B94700,,,,
https://en.wikipedia.org/wiki/University_of_Tulsa,Tulsa,36.15222,-95.94639,Golden Hurricane,American,http://utulsa.edu/wp-content/uploads/2015/01/tu-graphic-style-guidelines-aug2014.pdf,0,61,204,#003DCC,212,197,129,#D4C581,255,230,89,#FFE659,245,0,47,#F5002F,,,,
https://en.wikipedia.org/wiki/University_of_Utah,Utah,40.7642,-111.8465,Utes,Pac-12,http://umc.utah.edu/resources/branding-guidelines/visual-style/,204,0,0,#CC0000,128,128,128,#808080,,,,,,,,,,,,
https://en.wikipedia.org/wiki/University_of_Virginia,Virginia,38.03556,-78.50333,Cavaliers,ACC,http://athletics.virginiasports.com/licensing/pdf/current_logo_sheet.pdf,250,70,22,#FA4616,4,30,66,#041E42,0,47,108,#002F6C,,,,,,,,
https://en.wikipedia.org/wiki/University_of_Washington,Washington,47.6541,-122.308,Huskies,Pac-12,https://www.washington.edu/brand/graphic-elements/primary-color-palette/,51,0,111,#33006F,232,211,162,#E8D3A2,216,217,218,#D8D9DA,,,,,,,,
https://en.wikipedia.org/wiki/University_of_Wisconsin%E2%80%93Madison,Wisconsin,43.075,-89.4172,Badgers,Big Ten,https://licensing.wiscweb.wisc.edu/wp-content/uploads/sites/88/2017/10/Wisconsin_StyleGuide_7_17.pdf,151,34,52,#972234,231,217,193,#E7D9C1,193,180,154,#C1B49A,255,174,0,#FFAE00,255,227,0,#FFE300
https://en.wikipedia.org/wiki/University_of_Wyoming,Wyoming,41.31306,-105.58139,Cowboys,Mountain West,http://grfx.cstv.com/photos/schools/wyo/genrel/auto_pdf/2013-14/misc_non_event/wyo-style-guide.pdf,255,196,37,#FFC425,73,47,36,#492F24,,,,,,,,,,,,
https://en.wikipedia.org/wiki/Utah_State_University,Utah State,41.745,-111.809,Aggies,Mountain West,https://www.usu.edu/licensing/pdf/athletics_vip.pdf,0,42,66,#002A42,157,150,141,#9D968D,,,,,,,,,,,,
https://en.wikipedia.org/wiki/Vanderbilt_University,Vanderbilt,36.148649,-86.804972,Commodores,SEC,https://www4.vanderbilt.edu/graphicstandards/athletics/colors-a.php,207,171,109,#CFAB6D,,,,,,,,,,,,,,,,
https://en.wikipedia.org/wiki/Virginia_Tech,Virginia Tech,37.225,-80.425,Hokies,ACC,https://www.branding.unirel.vt.edu/content/dam/branding_unirel_vt_edu/2015-brand-guide.pdf,102,0,0,#660000,255,102,0,#FF6600,,,,,,,,,,,,
https://en.wikipedia.org/wiki/Wake_Forest_University,Wake Forest,36.13566197,-80.27925652,Demon Deacons,ACC,http://wfbrandstandards.com/the-logo/,158,126,56,#9E7E38,,,,,,,,,,,,,,,,
https://en.wikipedia.org/wiki/Washington_State_University,Washington State,46.73,-117.16,Cougars,Pac-12,http://wsu_ftp.sidearmsports.com/pdf9/2762604.pdf,152,30,50,#981E32,83,86,90,#53565A,214,214,209,#D6D6D1,,,,,,,,
https://en.wikipedia.org/wiki/West_Virginia_University,West Virginia,39.6458,-79.9697,Mountaineers,Big 12,https://brand.wvu.edu/downloads-toolkit/color-palette,0,40,85,#002855,234,170,0,#EAAA00,162,170,173,#A2AAAD,75,61,42,#4B3D2A,,,,
https://en.wikipedia.org/wiki/Western_Kentucky_University,Western Kentucky,36.98611,-86.45556,Hilltoppers,C-USA,https://www.wku.edu/marketingandcommunications/documents/communication_branding_manual.pdf,176,30,36,#B01E24,,,,,,,,,,,,,,,,
https://en.wikipedia.org/wiki/Western_Michigan_University,Western Michigan,42.28333,-85.61389,Broncos,MAC,https://wmich.edu/visualidentity/color-palette,68,36,22,#442416,255,174,0,#FFAE00,,,,,,,,,,,,